<?xml version="1.0" encoding="UTF-8"?>
<jcr:root xmlns:sling="http://sling.apache.org/jcr/sling/1.0" xmlns:cq="http://www.day.com/jcr/cq/1.0" xmlns:jcr="http://www.jcp.org/jcr/1.0" xmlns:nt="http://www.jcp.org/jcr/nt/1.0"
    jcr:primaryType="nt:unstructured"
    jcr:title="File Browser"
    sling:resourceType="cq/gui/components/authoring/dialog">
    <content
        jcr:primaryType="nt:unstructured"
        sling:resourceType="granite/ui/components/coral/foundation/container">
        <items jcr:primaryType="nt:unstructured">
            <tabs
                jcr:primaryType="nt:unstructured"
                sling:resourceType="granite/ui/components/coral/foundation/tabs">
                <items jcr:primaryType="nt:unstructured">
                    <cutomeProperties
                        jcr:primaryType="nt:unstructured"
                        jcr:title="Config"
                        sling:resourceType="granite/ui/components/coral/foundation/container"
                        margin="{Boolean}true">
                        <items jcr:primaryType="nt:unstructured">
                            <columns
                                jcr:primaryType="nt:unstructured"
                                sling:resourceType="granite/ui/components/coral/foundation/fixedcolumns"
                                margin="{Boolean}true">
                                <items jcr:primaryType="nt:unstructured">
                                    <column
                                        jcr:primaryType="nt:unstructured"
                                        sling:resourceType="granite/ui/components/coral/foundation/container">
                                        <items jcr:primaryType="nt:unstructured">
                                            <showDocumentType
                                                jcr:primaryType="nt:unstructured"
                                                sling:resourceType="granite/ui/components/coral/foundation/form/select"
                                                description="Select the type of documents to get from the dam."
                                                fieldLabel="Show Document Type"
                                                multiple="{Boolean}false"
                                                name="./showDocumentType"
                                                value="">
                                                <items jcr:primaryType="nt:unstructured">
                                                    <programDocs
                                                        jcr:primaryType="nt:unstructured"
                                                        text="Programs"
                                                        value="programs"/>
                                                    <promotionDocs
                                                        jcr:primaryType="nt:unstructured"
                                                        text="Promotions"
                                                        value="promotions"/>
                                                    <supplyReportsDocs
                                                        jcr:primaryType="nt:unstructured"
                                                        text="Supply Reports"
                                                        value="supplyReports"/>
                                                    <priceSheetsDocs
                                                        jcr:primaryType="nt:unstructured"
                                                        text="Price Sheets"
                                                        value="priceSheets"/>
                                                </items>
                                            </showDocumentType>
                                            <showDownloadButton
                                                jcr:primaryType="nt:unstructured"
                                                sling:resourceType="granite/ui/components/coral/foundation/form/checkbox"
                                                name="./showDownloadButton"
                                                text="Show Download Button"
                                                value="true"/>
                                            <noDataMessage
                                                cq:showOnCreate="{Boolean}true"
                                                jcr:primaryType="nt:unstructured"
                                                sling:resourceType="cq/gui/components/authoring/dialog/richtext"
                                                fieldLabel="No Documents Found Message"
                                                name="./nothingFoundMessage"
                                                removeSingleParagraphContainer="{Boolean}true"
                                                textIsRich="{Boolean}true"
                                                useFixedInlineToolbar="{Boolean}true">
                                                <rtePlugins
                                                    jcr:primaryType="nt:unstructured"
                                                    sling:resourceType="granite/ui/components/coral/foundation/include"
                                                    path="/apps/basfeupf/components/core/dialog/dialog-rte/rtePlugins"/>
                                                <uiSettings
                                                    jcr:primaryType="nt:unstructured"
                                                    sling:resourceType="granite/ui/components/coral/foundation/include"
                                                    path="/apps/basfeupf/components/core/dialog/dialog-rte/uiSettings"/>
                                            </noDataMessage>
                                            <informationLabel
                                                jcr:primaryType="nt:unstructured"
                                                sling:resourceType="granite/ui/components/coral/foundation/form/textfield"
                                                emptyText="Information"
                                                fieldDescription="Top Label"
                                                fieldLabel="Information Label"
                                                name="./informationLabel"/>
                                            <descriptionLabel
                                                jcr:primaryType="nt:unstructured"
                                                sling:resourceType="granite/ui/components/coral/foundation/form/textfield"
                                                emptyText="Description"
                                                fieldDescription="Description Label Text"
                                                fieldLabel="Description Label Text"
                                                name="./descriptionLabel"/>
                                            <documentSizeLabel
                                                jcr:primaryType="nt:unstructured"
                                                sling:resourceType="granite/ui/components/coral/foundation/form/textfield"
                                                fieldDescription="Document Size"
                                                fieldLabel="Document Size"
                                                name="./sizeLabel"/>
                                            <startDateLabel
                                                jcr:primaryType="nt:unstructured"
                                                sling:resourceType="granite/ui/components/coral/foundation/form/textfield"
                                                emptyText="Program Start Date"
                                                fieldDescription="Program Start Date Label Text"
                                                fieldLabel="Program Start Date Label Text"
                                                name="./startDateLabel"/>
                                            <endDateLabel
                                                jcr:primaryType="nt:unstructured"
                                                sling:resourceType="granite/ui/components/coral/foundation/form/textfield"
                                                emptyText="Program End Date"
                                                fieldDescription="Program End Date Label Text"
                                                fieldLabel="Program End Date Label Text"
                                                name="./endDateLabel"/>
											<actionsLabel
                                                jcr:primaryType="nt:unstructured"
                                                sling:resourceType="granite/ui/components/coral/foundation/form/textfield"
                                                emptyText="Available Actions"
                                                fieldDescription="Available Actions Label"
                                                fieldLabel="Available Actions Label"
                                                name="./actionsLabel"/>
                                            <downloadLabel
                                                jcr:primaryType="nt:unstructured"
                                                sling:resourceType="granite/ui/components/coral/foundation/form/textfield"
                                                fieldDescription="Download Label"
                                                fieldLabel="Download Label"
                                                name="./downloadLabel"/>
                                            <previewLabel
                                                jcr:primaryType="nt:unstructured"
                                                sling:resourceType="granite/ui/components/coral/foundation/form/textfield"
                                                fieldDescription="Preview Label"
                                                fieldLabel="Preview Label"
                                                name="./previewLabel"/>
                                        </items>
                                    </column>
                                </items>
                            </columns>
                        </items>
                    </cutomeProperties>
                </items>
            </tabs>
        </items>
    </content>
</jcr:root>
