<?xml version="1.0" encoding="UTF-8"?>
<jcr:root xmlns:jcr="http://www.jcp.org/jcr/1.0" xmlns:nt="http://www.jcp.org/jcr/nt/1.0" xmlns:granite="http://www.adobe.com/jcr/granite/1.0" xmlns:cq="http://www.day.com/jcr/cq/1.0" xmlns:sling="http://sling.apache.org/jcr/sling/1.0"
    jcr:primaryType="nt:unstructured"
    jcr:title="Header Component"
    sling:resourceType="cq/gui/components/authoring/dialog">
    <content
        granite:class="cmp-teaser__design"
        jcr:primaryType="nt:unstructured"
        sling:resourceType="granite/ui/components/coral/foundation/container">
        <items jcr:primaryType="nt:unstructured">
            <tabs
                jcr:primaryType="nt:unstructured"
                sling:resourceType="granite/ui/components/coral/foundation/tabs"
                maximized="{Boolean}true">
                <items jcr:primaryType="nt:unstructured">
                    <tab1
                        jcr:primaryType="nt:unstructured"
                        jcr:title="Pre-Navigation"
                        sling:resourceType="granite/ui/components/coral/foundation/container"
                        margin="{Boolean}true">
                        <items jcr:primaryType="nt:unstructured">
                            <actions
                                granite:class="coral-Form-fieldwrapper"
                                jcr:primaryType="nt:unstructured"
                                sling:resourceType="granite/ui/components/coral/foundation/container">
                                <items jcr:primaryType="nt:unstructured">
                                    <label
                                        granite:class="coral-Form-fieldlabel"
                                        jcr:primaryType="nt:unstructured"
                                        sling:resourceType="granite/ui/components/coral/foundation/text"
                                        text="Logo Details"/>
                                    <isexternalURL
                                        jcr:primaryType="nt:unstructured"
                                        sling:resourceType="granite/ui/components/coral/foundation/form/checkbox"
                                        name="./isExternalUrl"
                                        text="Is External URL"
                                        value="{Boolean}true"/>
                                    <logoimgpath
                                        jcr:primaryType="nt:unstructured"
                                        sling:resourceType="granite/ui/components/coral/foundation/form/pathbrowser"
                                        name="./logoimgpath"
                                        rootPath="/content/dam/basfeupf"
                                        text="Logo Image Path"/>
                                    <isredirectionurlexternal
                                        jcr:primaryType="nt:unstructured"
                                        sling:resourceType="granite/ui/components/coral/foundation/form/checkbox"
                                        name="./isRedirectionUrlExternal"
                                        text="Is Redirection URL External"
                                        value="{Boolean}true"/>
                                    <logoredirectionpath
                                        jcr:primaryType="nt:unstructured"
                                        sling:resourceType="granite/ui/components/coral/foundation/form/pathbrowser"
                                        name="./logoredirectionpath"
                                        rootPath="/content/basfeupf"
                                        text="Logo Image Redirection Path"/>
                                    <logouturl
                                        jcr:primaryType="nt:unstructured"
                                        sling:resourceType="granite/ui/components/coral/foundation/form/pathbrowser"
                                        name="./logouturl"
                                        rootPath="/content/basfeupf"
                                        text="Logout URL"/>
                                </items>
                            </actions>
                        </items>
                    </tab1>
                    <tab2
                        jcr:primaryType="nt:unstructured"
                        jcr:title="Navigation"
                        sling:resourceType="granite/ui/components/coral/foundation/container"
                        margin="{Boolean}true">
                        <items jcr:primaryType="nt:unstructured">
                            <actions
                                granite:class="coral-Form-fieldwrapper"
                                jcr:primaryType="nt:unstructured"
                                sling:resourceType="granite/ui/components/coral/foundation/container">
                                <items jcr:primaryType="nt:unstructured">
                                    <label
                                        granite:class="coral-Form-fieldlabel"
                                        jcr:primaryType="nt:unstructured"
                                        sling:resourceType="granite/ui/components/coral/foundation/text"
                                        text="Menus"/>
                                    <menus
                                        jcr:primaryType="nt:unstructured"
                                        sling:resourceType="granite/ui/components/coral/foundation/form/multifield"
                                        composite="{Boolean}true">
                                        <field
                                            jcr:primaryType="nt:unstructured"
                                            sling:resourceType="granite/ui/components/coral/foundation/container"
                                            name="./menus">
                                            <items jcr:primaryType="nt:unstructured">
                                                <isredirectionurlexternal
                                                    jcr:primaryType="nt:unstructured"
                                                    sling:resourceType="granite/ui/components/coral/foundation/form/checkbox"
                                                    name="./isRedirectionUrlExternal"
                                                    text="Is Redirection URL External"
                                                    value="{Boolean}true"/>
                                                <pagename
                                                    jcr:primaryType="nt:unstructured"
                                                    sling:resourceType="granite/ui/components/coral/foundation/form/textfield"
                                                    fieldLabel="Page Name"
                                                    name="./pagename"
                                                    rootPath="/content/basfeupf"/>
                                                <redirectionpath
                                                    jcr:primaryType="nt:unstructured"
                                                    sling:resourceType="granite/ui/components/coral/foundation/form/pathbrowser"
                                                    fieldLabel="Page Path"
                                                    name="./redirectionPath"
                                                    rootPath="/content/basfeupf"/>
                                            </items>
                                        </field>
                                    </menus>
                                </items>
                            </actions>
                        </items>
                    </tab2>
                    <tab3
                        jcr:primaryType="nt:unstructured"
                        jcr:title="Segment Redirection"
                        sling:resourceType="granite/ui/components/coral/foundation/container"
                        margin="{Boolean}true">
                        <items jcr:primaryType="nt:unstructured">
                            <actions
                                granite:class="coral-Form-fieldwrapper"
                                jcr:primaryType="nt:unstructured"
                                sling:resourceType="granite/ui/components/coral/foundation/container">
                                <items jcr:primaryType="nt:unstructured">
                                    <label
                                        granite:class="coral-Form-fieldlabel"
                                        jcr:primaryType="nt:unstructured"
                                        sling:resourceType="granite/ui/components/coral/foundation/text"
                                        text="Segment Redirection"/>
                                    <menus
                                        jcr:primaryType="nt:unstructured"
                                        sling:resourceType="granite/ui/components/coral/foundation/form/multifield"
                                        composite="{Boolean}true">
                                        <field
                                            jcr:primaryType="nt:unstructured"
                                            sling:resourceType="granite/ui/components/coral/foundation/container"
                                            name="./segment_redirect">
                                            <items jcr:primaryType="nt:unstructured">
                                                <segmentid
                                                    jcr:primaryType="nt:unstructured"
                                                    sling:resourceType="granite/ui/components/coral/foundation/form/textfield"
                                                    fieldLabel="Segment Id"
                                                    name="./segmentid"
                                                    rootPath="/content/basfeupf"/>
                                                <segmenturl
                                                    jcr:primaryType="nt:unstructured"
                                                    sling:resourceType="granite/ui/components/coral/foundation/form/textfield"
                                                    fieldLabel="Segment URL"
                                                    name="./segmenturl"
                                                    rootPath="/content/basfeupf"/>
                                            </items>
                                        </field>
                                    </menus>
                                </items>
                            </actions>
                        </items>
                    </tab3>
                </items>
            </tabs>
        </items>
    </content>
</jcr:root>
