<?xml version="1.0" encoding="UTF-8"?>
<jcr:root xmlns:jcr="http://www.jcp.org/jcr/1.0" xmlns:crx="http://www.day.com/crx/1.0" xmlns:rep="internal"
    jcr:primaryType="rep:ACL">
    <allow
        jcr:primaryType="rep:GrantACE"
        rep:principalName="configuration-reader-service"
        rep:privileges="{Name}[jcr:read]"/>
    <allow1
        jcr:primaryType="rep:GrantACE"
        rep:principalName="version-manager-service"
        rep:privileges="{Name}[jcr:versionManagement,jcr:read,rep:write]"/>
    <allow2
        jcr:primaryType="rep:GrantACE"
        rep:principalName="fd-cloudservice"
        rep:privileges="{Name}[jcr:read]">
        <rep:restrictions
            jcr:primaryType="rep:Restrictions"
            rep:glob="/*/cloudconfigs/fdm"/>
    </allow2>
    <allow3
        jcr:primaryType="rep:GrantACE"
        rep:principalName="fd-cloudservice"
        rep:privileges="{Name}[jcr:read]">
        <rep:restrictions
            jcr:primaryType="rep:Restrictions"
            rep:glob="/*/cloudconfigs/fdm/*"/>
    </allow3>
    <allow4
        jcr:primaryType="rep:GrantACE"
        rep:principalName="fd-cloudservice"
        rep:privileges="{Name}[jcr:read]">
        <rep:restrictions
            jcr:primaryType="rep:Restrictions"
            rep:glob="/*/cloudconfigs/flamingo"/>
    </allow4>
    <allow5
        jcr:primaryType="rep:GrantACE"
        rep:principalName="fd-cloudservice"
        rep:privileges="{Name}[jcr:read]">
        <rep:restrictions
            jcr:primaryType="rep:Restrictions"
            rep:glob="/*/cloudconfigs/flamingo/*"/>
    </allow5>
    <allow6
        jcr:primaryType="rep:GrantACE"
        rep:principalName="fd-cloudservice"
        rep:privileges="{Name}[jcr:read]">
        <rep:restrictions
            jcr:primaryType="rep:Restrictions"
            rep:glob="/*/cloudconfigs/echosign"/>
    </allow6>
    <allow7
        jcr:primaryType="rep:GrantACE"
        rep:principalName="fd-cloudservice"
        rep:privileges="{Name}[jcr:read]">
        <rep:restrictions
            jcr:primaryType="rep:Restrictions"
            rep:glob="/*/cloudconfigs/echosign/*"/>
    </allow7>
    <allow8
        jcr:primaryType="rep:GrantACE"
        rep:principalName="fd-cloudservice"
        rep:privileges="{Name}[jcr:read]">
        <rep:restrictions
            jcr:primaryType="rep:Restrictions"
            rep:glob="/*/cloudconfigs/recaptcha"/>
    </allow8>
    <allow9
        jcr:primaryType="rep:GrantACE"
        rep:principalName="fd-cloudservice"
        rep:privileges="{Name}[jcr:read]">
        <rep:restrictions
            jcr:primaryType="rep:Restrictions"
            rep:glob="/*/cloudconfigs/recaptcha/*"/>
    </allow9>
    <allow10
        jcr:primaryType="rep:GrantACE"
        rep:principalName="fd-cloudservice"
        rep:privileges="{Name}[jcr:read]">
        <rep:restrictions
            jcr:primaryType="rep:Restrictions"
            rep:glob="/*/cloudconfigs/typekit"/>
    </allow10>
    <allow11
        jcr:primaryType="rep:GrantACE"
        rep:principalName="fd-cloudservice"
        rep:privileges="{Name}[jcr:read]">
        <rep:restrictions
            jcr:primaryType="rep:Restrictions"
            rep:glob="/*/cloudconfigs/typekit/*"/>
    </allow11>
    <allow12
        jcr:primaryType="rep:GrantACE"
        rep:principalName="compat-codeupgrade-service"
        rep:privileges="{Name}[jcr:modifyAccessControl,jcr:read,rep:write]"/>
    <allow13
        jcr:primaryType="rep:GrantACE"
        rep:principalName="cloudconfig-scripttags"
        rep:privileges="{Name}[jcr:read]">
        <rep:restrictions
            jcr:primaryType="rep:Restrictions"
            rep:glob="/*/cloudconfigs"/>
    </allow13>
    <allow14
        jcr:primaryType="rep:GrantACE"
        rep:principalName="cloudconfig-scripttags"
        rep:privileges="{Name}[jcr:read]">
        <rep:restrictions
            jcr:primaryType="rep:Restrictions"
            rep:glob="/*/cloudconfigs/*"/>
    </allow14>
    <allow15
        jcr:primaryType="rep:GrantACE"
        rep:principalName="communities-utility-reader"
        rep:privileges="{Name}[jcr:read]">
        <rep:restrictions
            jcr:primaryType="rep:Restrictions"
            rep:glob="/settings/community/*"/>
    </allow15>
    <allow16
        jcr:primaryType="rep:GrantACE"
        rep:principalName="dtm-reactor-service"
        rep:privileges="{Name}[jcr:read]">
        <rep:restrictions
            jcr:primaryType="rep:Restrictions"
            rep:glob="/*/cloudconfigs/dtm-reactor"/>
    </allow16>
    <allow17
        jcr:primaryType="rep:GrantACE"
        rep:principalName="dtm-reactor-service"
        rep:privileges="{Name}[jcr:read]">
        <rep:restrictions
            jcr:primaryType="rep:Restrictions"
            rep:glob="/*/cloudconfigs/dtm-reactor/*"/>
    </allow17>
    <allow18
        jcr:primaryType="rep:GrantACE"
        rep:principalName="contexthub-conf-reader"
        rep:privileges="{Name}[jcr:read]">
        <rep:restrictions
            jcr:primaryType="rep:Restrictions"
            rep:glob="*/cloudsettings"/>
    </allow18>
    <allow19
        jcr:primaryType="rep:GrantACE"
        rep:principalName="contexthub-conf-reader"
        rep:privileges="{Name}[jcr:read]">
        <rep:restrictions
            jcr:primaryType="rep:Restrictions"
            rep:glob="*/cloudsettings/*"/>
    </allow19>
    <deny20
        jcr:primaryType="rep:DenyACE"
        rep:principalName="everyone"
        rep:privileges="{Name}[jcr:all]"/>
    <allow21
        jcr:primaryType="rep:GrantACE"
        rep:principalName="everyone"
        rep:privileges="{Name}[jcr:read]">
        <rep:restrictions
            jcr:primaryType="rep:Restrictions"
            rep:glob="/*/settings/wcm/segments"/>
    </allow21>
    <allow22
        jcr:primaryType="rep:GrantACE"
        rep:principalName="everyone"
        rep:privileges="{Name}[jcr:read]">
        <rep:restrictions
            jcr:primaryType="rep:Restrictions"
            rep:glob="/*/settings/wcm/segments/*"/>
    </allow22>
    <allow23
        jcr:primaryType="rep:GrantACE"
        rep:principalName="everyone"
        rep:privileges="{Name}[jcr:read]">
        <rep:restrictions
            jcr:primaryType="rep:Restrictions"
            rep:glob="/*/settings/dam/cfm/models/*"/>
    </allow23>
    <allow24
        jcr:primaryType="rep:GrantACE"
        rep:principalName="translation-preview-service"
        rep:privileges="{Name}[jcr:read]"/>
    <allow25
        jcr:primaryType="rep:GrantACE"
        rep:principalName="workflow-process-service"
        rep:privileges="{Name}[jcr:versionManagement,jcr:read,crx:replicate,rep:write,jcr:lockManagement]"/>
    <allow26
        jcr:primaryType="rep:GrantACE"
        rep:principalName="operators"
        rep:privileges="{Name}[jcr:read,rep:write]"/>
    <allow27
        jcr:primaryType="rep:GrantACE"
        rep:principalName="translation-job-service"
        rep:privileges="{Name}[jcr:read]"/>
    <allow28
        jcr:primaryType="rep:GrantACE"
        rep:principalName="translation-config-service"
        rep:privileges="{Name}[jcr:read]"/>
    <allow29
        jcr:primaryType="rep:GrantACE"
        rep:principalName="launch-promote-service"
        rep:privileges="{Name}[jcr:read]">
        <rep:restrictions
            jcr:primaryType="rep:Restrictions"
            rep:glob="/*/settings/wcm/templates/*"/>
    </allow29>
    <allow30
        jcr:primaryType="rep:GrantACE"
        rep:principalName="launch-promote-service"
        rep:privileges="{Name}[jcr:read]">
        <rep:restrictions
            jcr:primaryType="rep:Restrictions"
            rep:glob="/*/settings/wcm/policies/*"/>
    </allow30>
    <allow31
        jcr:primaryType="rep:GrantACE"
        rep:principalName="contributor"
        rep:privileges="{Name}[jcr:read]">
        <rep:restrictions
            jcr:primaryType="rep:Restrictions"
            rep:glob=""/>
    </allow31>
    <allow32
        jcr:primaryType="rep:GrantACE"
        rep:principalName="content-authors"
        rep:privileges="{Name}[crx:replicate]">
        <rep:restrictions
            jcr:primaryType="rep:Restrictions"
            rep:glob="/*/cloudconfigs"/>
    </allow32>
    <allow33
        jcr:primaryType="rep:GrantACE"
        rep:principalName="content-authors"
        rep:privileges="{Name}[crx:replicate]">
        <rep:restrictions
            jcr:primaryType="rep:Restrictions"
            rep:glob="/*/cloudconfigs/*"/>
    </allow33>
    <allow34
        jcr:primaryType="rep:GrantACE"
        rep:principalName="communities-user-admin"
        rep:privileges="{Name}[jcr:read]"/>
    <allow35
        jcr:primaryType="rep:GrantACE"
        rep:principalName="msm-service"
        rep:privileges="{Name}[jcr:read]"/>
    <allow36
        jcr:primaryType="rep:GrantACE"
        rep:principalName="dam-users"
        rep:privileges="{Name}[jcr:read]">
        <rep:restrictions
            jcr:primaryType="rep:Restrictions"
            rep:glob="/*/dam/*"/>
    </allow36>
    <allow37
        jcr:primaryType="rep:GrantACE"
        rep:principalName="assetusagetrackeruser"
        rep:privileges="{Name}[jcr:read]">
        <rep:restrictions
            jcr:primaryType="rep:Restrictions"
            rep:glob="/*/dam/*"/>
    </allow37>
    <allow38
        jcr:primaryType="rep:GrantACE"
        rep:principalName="idsjobprocessor"
        rep:privileges="{Name}[jcr:read]">
        <rep:restrictions
            jcr:primaryType="rep:Restrictions"
            rep:glob="/*/settings/dam/*"/>
    </allow38>
    <allow39
        jcr:primaryType="rep:GrantACE"
        rep:principalName="assetlinkshareservice"
        rep:privileges="{Name}[jcr:read]">
        <rep:restrictions
            jcr:primaryType="rep:Restrictions"
            rep:glob="/*/settings/dam/adhocassetshare/*"/>
    </allow39>
    <allow40
        jcr:primaryType="rep:GrantACE"
        rep:principalName="youtube-authenticator-user"
        rep:privileges="{Name}[jcr:read,rep:write]">
        <rep:restrictions
            jcr:primaryType="rep:Restrictions"
            rep:glob="/*/dam/dm/youtube*"/>
    </allow40>
    <allow41
        jcr:primaryType="rep:GrantACE"
        rep:principalName="notification-service"
        rep:privileges="{Name}[jcr:read]">
        <rep:restrictions
            jcr:primaryType="rep:Restrictions"
            rep:glob="/*/settings/dam/notification/email/default/*"/>
    </allow41>
    <allow42
        jcr:primaryType="rep:GrantACE"
        rep:principalName="dynamicmedia-config-service"
        rep:privileges="{Name}[jcr:read,rep:write]">
        <rep:restrictions
            jcr:primaryType="rep:Restrictions"
            rep:glob="/*/dam/dm/analytics*"/>
    </allow42>
    <allow43
        jcr:primaryType="rep:GrantACE"
        rep:principalName="scene7-config-service"
        rep:privileges="{Name}[jcr:read]">
        <rep:restrictions
            jcr:primaryType="rep:Restrictions"
            rep:glob="/*/settings/cloudconfigs/scene7*"/>
    </allow43>
    <allow44
        jcr:primaryType="rep:GrantACE"
        rep:principalName="scene7-config-service"
        rep:privileges="{Name}[jcr:read]">
        <rep:restrictions
            jcr:primaryType="rep:Restrictions"
            rep:glob="/*/settings/cloudconfigs/dmscene7*"/>
    </allow44>
    <allow45
        jcr:primaryType="rep:GrantACE"
        rep:principalName="omnisearch-service"
        rep:privileges="{Name}[jcr:read]">
        <rep:restrictions
            jcr:primaryType="rep:Restrictions"
            rep:glob="/*/settings/cloudconfigs/dmscene7*"/>
    </allow45>
    <allow46
        jcr:primaryType="rep:GrantACE"
        rep:principalName="dynamicmedia-config-service"
        rep:privileges="{Name}[jcr:read,rep:write]">
        <rep:restrictions
            jcr:primaryType="rep:Restrictions"
            rep:glob="/*/dam/dm/presets/video*"/>
    </allow46>
    <allow47
        jcr:primaryType="rep:GrantACE"
        rep:principalName="scene7-config-writer-service"
        rep:privileges="{Name}[jcr:read,rep:write]">
        <rep:restrictions
            jcr:primaryType="rep:Restrictions"
            rep:glob="/*/settings/cloudconfigs/scene7*"/>
    </allow47>
    <allow48
        jcr:primaryType="rep:GrantACE"
        rep:principalName="scene7-config-writer-service"
        rep:privileges="{Name}[jcr:read,rep:write]">
        <rep:restrictions
            jcr:primaryType="rep:Restrictions"
            rep:glob="/*/settings/cloudconfigs/dmscene7*"/>
    </allow48>
    <allow49
        jcr:primaryType="rep:GrantACE"
        rep:principalName="dynamicmedia-config-service"
        rep:privileges="{Name}[jcr:read]">
        <rep:restrictions
            jcr:primaryType="rep:Restrictions"
            rep:glob="/*/settings/cloudconfigs/dynamicmediaservices*"/>
    </allow49>
    <allow50
        jcr:primaryType="rep:GrantACE"
        rep:principalName="dynamicmedia-config-service"
        rep:privileges="{Name}[jcr:read,crx:replicate,rep:write]">
        <rep:restrictions
            jcr:primaryType="rep:Restrictions"
            rep:glob="/*/dam/dm/presets/*"/>
    </allow50>
    <allow51
        jcr:primaryType="rep:GrantACE"
        rep:principalName="dam-users"
        rep:privileges="{Name}[jcr:read,crx:replicate,rep:write]">
        <rep:restrictions
            jcr:primaryType="rep:Restrictions"
            rep:glob="/*/dam/dm/presets/viewer*"/>
    </allow51>
    <allow52
        jcr:primaryType="rep:GrantACE"
        rep:principalName="dam-users"
        rep:privileges="{Name}[jcr:read]">
        <rep:restrictions
            jcr:primaryType="rep:Restrictions"
            rep:glob="/*/settings/cloudconfigs/dynamicmediaservices*"/>
    </allow52>
    <allow53
        jcr:primaryType="rep:GrantACE"
        rep:principalName="nui-process-service"
        rep:privileges="{Name}[jcr:read]">
        <rep:restrictions
            jcr:primaryType="rep:Restrictions"
            rep:glob="/*/settings/dam/*"/>
    </allow53>
    <allow54
        jcr:primaryType="rep:GrantACE"
        rep:principalName="dynamic-media-replication"
        rep:privileges="{Name}[jcr:read]">
        <rep:restrictions
            jcr:primaryType="rep:Restrictions"
            rep:glob="/*/settings/dam/dm"/>
    </allow54>
    <allow55
        jcr:primaryType="rep:GrantACE"
        rep:principalName="dynamic-media-replication"
        rep:privileges="{Name}[jcr:read]">
        <rep:restrictions
            jcr:primaryType="rep:Restrictions"
            rep:glob="/*/settings/dam/dm/*"/>
    </allow55>
    <allow56
        jcr:primaryType="rep:GrantACE"
        rep:principalName="dynamic-media-s7sync"
        rep:privileges="{Name}[jcr:all]">
        <rep:restrictions
            jcr:primaryType="rep:Restrictions"
            rep:glob="/*/settings/dam/dm/*"/>
    </allow56>
    <allow57
        jcr:primaryType="rep:GrantACE"
        rep:principalName="dynamic-media-s7sync"
        rep:privileges="{Name}[jcr:all]">
        <rep:restrictions
            jcr:primaryType="rep:Restrictions"
            rep:glob="/*/settings/cloudconfigs/dmscene7*"/>
    </allow57>
    <allow58
        jcr:primaryType="rep:GrantACE"
        rep:principalName="dam-replication-service"
        rep:privileges="{Name}[jcr:modifyProperties,jcr:read,crx:replicate]">
        <rep:restrictions
            jcr:primaryType="rep:Restrictions"
            rep:glob="/*/dam/search/facets/*"/>
    </allow58>
    <allow59
        jcr:primaryType="rep:GrantACE"
        rep:principalName="dam-replication-service"
        rep:privileges="{Name}[jcr:read,crx:replicate]">
        <rep:restrictions
            jcr:primaryType="rep:Restrictions"
            rep:glob="/*/dam/adminui-extension/metadataschema/*"/>
    </allow59>
    <allow60
        jcr:primaryType="rep:GrantACE"
        rep:principalName="reference-processing-service"
        rep:privileges="{Name}[jcr:read]">
        <rep:restrictions
            jcr:primaryType="rep:Restrictions"
            rep:glob="/*/settings/dam/cfm/models/*"/>
    </allow60>
    <allow61
        jcr:primaryType="rep:GrantACE"
        rep:principalName="reference-processing-service"
        rep:privileges="{Name}[jcr:read]">
        <rep:restrictions
            jcr:primaryType="rep:Restrictions"
            rep:glob="/*/settings/wcm/templates/*"/>
    </allow61>
    <allow62
        jcr:primaryType="rep:GrantACE"
        rep:principalName="reference-processing-service"
        rep:privileges="{Name}[jcr:read]">
        <rep:restrictions
            jcr:primaryType="rep:Restrictions"
            rep:glob="/*/settings/wcm/policies/*"/>
    </allow62>
    <allow63
        jcr:primaryType="rep:GrantACE"
        rep:principalName="reference-processing-service"
        rep:privileges="{Name}[jcr:write]">
        <rep:restrictions
            jcr:primaryType="rep:Restrictions"
            rep:glob="/*/settings/wcm/templates/*/initial/*"/>
    </allow63>
    <allow64
        jcr:primaryType="rep:GrantACE"
        rep:principalName="reference-processing-service"
        rep:privileges="{Name}[jcr:write]">
        <rep:restrictions
            jcr:primaryType="rep:Restrictions"
            rep:glob="/*/settings/wcm/templates/*/structure/*"/>
    </allow64>
    <allow65
        jcr:primaryType="rep:GrantACE"
        rep:principalName="forms-users"
        rep:privileges="{Name}[jcr:read]">
        <rep:restrictions
            jcr:primaryType="rep:Restrictions"
            rep:glob="/*/dam/*"/>
    </allow65>
    <allow66
        jcr:primaryType="rep:GrantACE"
        rep:principalName="communities-ugc-writer"
        rep:privileges="{Name}[jcr:read]"/>
</jcr:root>
