<?xml version="1.0" encoding="UTF-8"?>
<jcr:root xmlns:jcr="http://www.jcp.org/jcr/1.0" xmlns:nt="http://www.jcp.org/jcr/nt/1.0"
    jcr:primaryType="nt:unstructured">
    <rtePlugins jcr:primaryType="nt:unstructured">
        <edit
            jcr:primaryType="nt:unstructured"
            features="*"/>
        <findreplace
            jcr:primaryType="nt:unstructured"
            features="*"/>
        <format
            jcr:primaryType="nt:unstructured"
            features="*"/>
        <image
            jcr:primaryType="nt:unstructured"
            features="*"/>
        <keys
            jcr:primaryType="nt:unstructured"
            features="*"/>
        <justify
            jcr:primaryType="nt:unstructured"
            features="*"/>
        <links
            jcr:primaryType="nt:unstructured"
            features="*"/>
        <lists
            jcr:primaryType="nt:unstructured"
            features="*"/>
        <misctools
            jcr:primaryType="nt:unstructured"
            features="*"/>
        <paraformat
            jcr:primaryType="nt:unstructured"
            features="*"/>
        <spellcheck
            jcr:primaryType="nt:unstructured"
            features="*"/>
        <styles
            jcr:primaryType="nt:unstructured"
            features="*"/>
        <subsuperscript
            jcr:primaryType="nt:unstructured"
            features="*"/>
        <table
            jcr:primaryType="nt:unstructured"
            features="*"/>
        <undo
            jcr:primaryType="nt:unstructured"
            features="*"/>
    </rtePlugins>
    <uiSettings jcr:primaryType="nt:unstructured">
        <cui jcr:primaryType="nt:unstructured">
            <inline
                jcr:primaryType="nt:unstructured"
                toolbar="[#format,#justify,#lists,links#modifylink,links#unlink,findreplace#find,findreplace#replace,spellcheck#checktext,misctools#specialchars,#styles,#paraformat,table#table]">
                <popovers jcr:primaryType="nt:unstructured">
                    <format
                        jcr:primaryType="nt:unstructured"
                        items="[format#bold,format#italic,format#underline,subsuperscript#subscript,subsuperscript#superscript]"
                        ref="format"/>
                    <justify
                        jcr:primaryType="nt:unstructured"
                        items="[justify#justifyleft,justify#justifycenter,justify#justifyright]"
                        ref="justify"/>
                    <lists
                        jcr:primaryType="nt:unstructured"
                        items="[lists#unordered,lists#ordered,lists#outdent,lists#indent]"
                        ref="lists"/>
                    <styles
                        jcr:primaryType="nt:unstructured"
                        items="styles:getStyles:styles-pulldown"
                        ref="styles"/>
                    <paraformat
                        jcr:primaryType="nt:unstructured"
                        items="paraformat:getFormats:paraformat-pulldown"
                        ref="paraformat"/>
                </popovers>
            </inline>
        </cui>
    </uiSettings>
</jcr:root>
