<?xml version="1.0" encoding="UTF-8"?>
<jcr:root xmlns:sling="http://sling.apache.org/jcr/sling/1.0" xmlns:cq="http://www.day.com/jcr/cq/1.0" xmlns:jcr="http://www.jcp.org/jcr/1.0" xmlns:nt="http://www.jcp.org/jcr/nt/1.0"
    jcr:primaryType="nt:unstructured"
    jcr:title="Power Bi Reports Component"
    sling:resourceType="cq/gui/components/authoring/dialog">
    <content
        jcr:primaryType="nt:unstructured"
        sling:resourceType="granite/ui/components/coral/foundation/container">
        <items jcr:primaryType="nt:unstructured">
            <tabs
                jcr:primaryType="nt:unstructured"
                sling:resourceType="granite/ui/components/coral/foundation/tabs">
                <items jcr:primaryType="nt:unstructured">
                    <config
                        jcr:primaryType="nt:unstructured"
                        jcr:title="Config"
                        sling:resourceType="granite/ui/components/coral/foundation/container"
                        margin="{Boolean}true">
                        <items jcr:primaryType="nt:unstructured">
                            <columns
                                jcr:primaryType="nt:unstructured"
                                sling:resourceType="granite/ui/components/coral/foundation/fixedcolumns"
                                margin="{Boolean}true">
                                <items jcr:primaryType="nt:unstructured">
                                    <column
                                        jcr:primaryType="nt:unstructured"
                                        sling:resourceType="granite/ui/components/coral/foundation/container">
                                        <items jcr:primaryType="nt:unstructured">
                                            <cards
                                                jcr:primaryType="nt:unstructured"
                                                jcr:title="Cards"
                                                sling:resourceType="granite/ui/components/coral/foundation/container"
                                                margin="{Boolean}true">
                                                <items jcr:primaryType="nt:unstructured">
                                                    <column
                                                        jcr:primaryType="nt:unstructured"
                                                        sling:resourceType="granite/ui/components/coral/foundation/container">
                                                        <items jcr:primaryType="nt:unstructured">
                                                            <cropus-busunit
                                                                jcr:primaryType="nt:unstructured"
                                                                sling:resourceType="granite/ui/components/coral/foundation/form/numberfield"
                                                                fieldDescription="Enter Business Unit ID for US Crop Business Segment"
                                                                fieldLabel="Business Unit ID for US Crop"
                                                                min="0"
                                                                name="./usCropBusUnitId"/>
                                                            <pss-busunit
                                                                jcr:primaryType="nt:unstructured"
                                                                sling:resourceType="granite/ui/components/coral/foundation/form/numberfield"
                                                                fieldDescription="Enter Business Unit ID for P&amp;SS Business Segment"
                                                                fieldLabel="Business Unit ID for P&amp;SS"
                                                                min="0"
                                                                name="./pssBusUnitId"/>
                                                            <minWidth
                                                                jcr:primaryType="nt:unstructured"
                                                                sling:resourceType="granite/ui/components/coral/foundation/form/numberfield"
                                                                defaultValue="224"
                                                                fieldDescription="The minimum width in pixels of each card"
                                                                fieldLabel="Card Minimum Width"
                                                                min="200"
                                                                name="./minWidth"/>
                                                            <noResults
                                                                cq:showOnCreate="{Boolean}true"
                                                                jcr:primaryType="nt:unstructured"
                                                                sling:resourceType="cq/gui/components/authoring/dialog/richtext"
                                                                fieldLabel="No results message"
                                                                name="./noResults"
                                                                removeSingleParagraphContainer="{Boolean}true"
                                                                textIsRich="{Boolean}true"
                                                                useFixedInlineToolbar="{Boolean}true"/>
                                                        </items>
                                                    </column>
                                                </items>
                                            </cards>
                                        </items>
                                    </column>
                                </items>
                            </columns>
                        </items>
                    </config>
                </items>
            </tabs>
        </items>
    </content>
   </jcr:root>
