<?xml version="1.0" encoding="UTF-8"?>
<jcr:root xmlns:sling="http://sling.apache.org/jcr/sling/1.0" xmlns:cq="http://www.day.com/jcr/cq/1.0" xmlns:jcr="http://www.jcp.org/jcr/1.0" xmlns:nt="http://www.jcp.org/jcr/nt/1.0"
    jcr:primaryType="nt:unstructured"
    jcr:title="Power Bi Reports - Embed"
    sling:resourceType="cq/gui/components/authoring/dialog">
    <content
        jcr:primaryType="nt:unstructured"
        sling:resourceType="granite/ui/components/coral/foundation/container">
        <items jcr:primaryType="nt:unstructured">
            <tabs
                jcr:primaryType="nt:unstructured"
                sling:resourceType="granite/ui/components/coral/foundation/tabs">
                <items jcr:primaryType="nt:unstructured">
                    <config
                        jcr:primaryType="nt:unstructured"
                        jcr:title="Config"
                        sling:resourceType="granite/ui/components/coral/foundation/container"
                        margin="{Boolean}true">
                        <items jcr:primaryType="nt:unstructured">
                            <columns
                                jcr:primaryType="nt:unstructured"
                                sling:resourceType="granite/ui/components/coral/foundation/fixedcolumns"
                                margin="{Boolean}true">
                                <items jcr:primaryType="nt:unstructured">
                                    <column
                                        jcr:primaryType="nt:unstructured"
                                        sling:resourceType="granite/ui/components/coral/foundation/container">
                                        <items jcr:primaryType="nt:unstructured">
                                            <cards
                                                jcr:primaryType="nt:unstructured"
                                                jcr:title="Cards"
                                                sling:resourceType="granite/ui/components/coral/foundation/container"
                                                margin="{Boolean}true">
                                                <items jcr:primaryType="nt:unstructured">
                                                    <column
                                                        jcr:primaryType="nt:unstructured"
                                                        sling:resourceType="granite/ui/components/coral/foundation/container">
                                                        <items jcr:primaryType="nt:unstructured">
                                                            <noAccess
                                                                cq:showOnCreate="{Boolean}true"
                                                                jcr:primaryType="nt:unstructured"
                                                                sling:resourceType="cq/gui/components/authoring/dialog/richtext"
                                                                fieldLabel="No access message"
                                                                name="./noAccessLabel"
                                                                removeSingleParagraphContainer="{Boolean}true"
                                                                textIsRich="{Boolean}true"
                                                                useFixedInlineToolbar="{Boolean}true">
                                                                <rtePlugins
                                                                    jcr:primaryType="nt:unstructured"
                                                                    sling:resourceType="granite/ui/components/coral/foundation/include"
                                                                    path="/apps/basfeupf/components/core/dialog/dialog-rte/rtePlugins"/>
                                                                <uiSettings
                                                                    jcr:primaryType="nt:unstructured"
                                                                    sling:resourceType="granite/ui/components/coral/foundation/include"
                                                                    path="/apps/basfeupf/components/core/dialog/dialog-rte/uiSettings"/>
                                                            </noAccess>
                                                             <loadingMessage jcr:primaryType="nt:unstructured"
                                                                sling:resourceType="cq/gui/components/authoring/dialog/richtext"
                                                                cq:showOnCreate="{Boolean}true"
                                                                fieldLabel="Loading message"
                                                                name="./loadingMessage"
                                                                useFixedInlineToolbar="{Boolean}true"
                                                                textIsRich="{Boolean}true"
                                                                removeSingleParagraphContainer="{Boolean}true">
                                                            </loadingMessage>
                                                            <errorMessage jcr:primaryType="nt:unstructured"
                                                                sling:resourceType="cq/gui/components/authoring/dialog/richtext"
                                                                cq:showOnCreate="{Boolean}true"
                                                                fieldLabel="Error message"
                                                                name="./errorMessage"
                                                                useFixedInlineToolbar="{Boolean}true"
                                                                textIsRich="{Boolean}true"
                                                                removeSingleParagraphContainer="{Boolean}true">
                                                            </errorMessage> 
                                                        </items>
                                                    </column>
                                                </items>
                                            </cards>
                                        </items>
                                    </column>
                                </items>
                            </columns>
                        </items>
                    </config>
                </items>
            </tabs>
        </items>
    </content>
</jcr:root>
